{
  "beta_2.3": {
    "beta": 2.3,
    "n_measurements": 5,
    "plaquette": {
      "mean": 0.6046520059072684,
      "std": 0.0038281815504127964,
      "values": [
        0.6078321431419886,
        0.6037113759823666,
        0.6054208284990903,
        0.6084939002458258,
        0.5978017816670705
      ]
    },
    "action": {
      "mean": 607.2545189264362,
      "std": 5.880086861433726,
      "values": [
        602.3698281339055,
        608.6993264910848,
        606.0736074253981,
        601.3533692224127,
        617.7764633593795
      ]
    },
    "polyakov_loop": {
      "mean": 0.9433242011560921,
      "std": 0.0554048325299972
    },
    "runtime_seconds": 3.021111011505127
  }
}