{
  "beta": 2.2,
  "lattice_size": [
    4,
    4,
    4,
    4
  ],
  "wilson_loops": {
    "1": {
      "mean": 0.240471822644491,
      "err": 0.06067286898753485
    },
    "2": {
      "mean": 0.15371115627425042,
      "err": 0.08095720088717584
    }
  },
  "potential": {
    "R": [
      1,
      2
    ],
    "V": [
      0.47505078595388034,
      0.6242266821112009
    ],
    "V_err": [
      0.08410253409361322,
      0.1755613208771317
    ]
  },
  "confinement_analysis": {
    "linear": {
      "sigma": 0.14917589615732052,
      "sigma_err": Infinity,
      "V0": 0.3258748897965598,
      "chi2": 3.999104752741471e-31,
      "fit_quality": "good"
    },
    "coulomb": {
      "alpha": -0.29835179231464104,
      "V0": 0.7734025782685214,
      "chi2": 4.356546008136915e-31
    },
    "cornell": {
      "fit_failed": true
    },
    "best_fit": "linear",
    "confinement": "CONFIRMED",
    "string_tension": 0.14917589615732052
  },
  "creutz_ratios": []
}