{
  "beta_2.3": {
    "beta": 2.3,
    "n_measurements": 5,
    "plaquette": {
      "mean": 0.613702137310163,
      "std": 0.007992474228334084,
      "values": [
        0.6024913698887469,
        0.6059828158617936,
        0.6219271154082823,
        0.6211970078713631,
        0.6169123775206293
      ]
    },
    "action": {
      "mean": 593.3535170915886,
      "std": 12.276440414721403,
      "values": [
        610.5732558508838,
        605.210394836285,
        580.7199507328772,
        581.8413959095851,
        588.4225881283122
      ]
    },
    "polyakov_loop": {
      "mean": 1.0213016626063416,
      "std": 0.03830825758381188
    },
    "runtime_seconds": 3.107813596725464
  }
}