{
  "validation": {
    "total_links": 16384,
    "max_unitarity_error": 3.2368592804539776e-16,
    "max_det_error": 4.449557262054371e-16,
    "valid": true
  },
  "small_lattice": {
    "shape": [
      8,
      8,
      8,
      8
    ],
    "average_plaquette": 0.936306405964312,
    "wilson_action": 1565.333767021217
  },
  "scalar_field": {
    "lattice_size": [
      8,
      8,
      8,
      8
    ],
    "mass": 1.0,
    "E_kin": 32910.0019194458,
    "E_pot": 4137.632819717188,
    "E_tot": 37047.63473916299,
    "energy_positive": true,
    "energy_real": true,
    "mass_scaling": true
  },
  "medium_lattice": {
    "shape": [
      16,
      16,
      16,
      16
    ],
    "memory_MB": 16.777216
  }
}