{
  "validation": {
    "total_links": 16384,
    "max_unitarity_error": 3.238000843571037e-16,
    "max_det_error": 4.449557262054371e-16,
    "valid": true
  },
  "small_lattice": {
    "shape": [
      8,
      8,
      8,
      8
    ],
    "average_plaquette": 0.9357590205964702,
    "wilson_action": 1578.7863098211205
  },
  "scalar_field": {
    "lattice_size": [
      8,
      8,
      8,
      8
    ],
    "mass": 1.0,
    "E_kin": 32384.925696760474,
    "E_pot": 4023.657657768391,
    "E_tot": 36408.58335452886,
    "energy_positive": true,
    "energy_real": true,
    "mass_scaling": true
  },
  "medium_lattice": {
    "shape": [
      16,
      16,
      16,
      16
    ],
    "memory_MB": 16.777216
  }
}