{
  "mu_sq_0.5": {
    "mu_squared": 0.5,
    "lambda": 1.0,
    "expected_vev": 0.7071067811865476,
    "initial_vev": 0.10078498084369206,
    "final_vev": 0.09666880118181422,
    "order_parameter": 0.30659756623085344,
    "m_W": 0.06283472076817924,
    "m_Z": 0.07136488724471841,
    "action_history": [
      2193.1373269548617,
      1966.6416195556762,
      1847.9295537819846,
      1634.9598044958498,
      1499.5983542255394,
      1363.1855443851548,
      1244.274059313208,
      1177.5748286694416,
      1131.9207708076283,
      1082.8759561448826,
      1009.380291665147,
      989.5316425682572,
      929.1803745583541,
      913.4000511453811,
      883.6341801063595,
      819.9367027846832,
      764.9838721030962,
      725.8564780082021,
      702.8502704327375,
      689.8557516963666,
      689.0327925996412,
      666.3722992271681,
      643.4194804768596,
      628.2057039990619,
      598.636299233557,
      593.3986995837566,
      589.0401577501278,
      574.9724128018247,
      584.7021777403658,
      588.8449908218347,
      579.9509302215782,
      574.2631967413663,
      567.5642615730696,
      572.8761172390653,
      572.3037381409742,
      576.2344928581955,
      574.4632744424731,
      562.6030586219289,
      560.4416613500373,
      536.9225824576879,
      537.7700898071375,
      543.8515684256006,
      529.9874170304047,
      525.0307855832503,
      520.8712864562024,
      532.2581497840694,
      522.5416073974552,
      516.1006495407692,
      521.7871584293746,
      525.9774565866081
    ],
    "vev_history": [
      0.0999983664142306,
      0.11598186664687787,
      0.12916874945661677,
      0.11763742421034004,
      0.1111996307251475,
      0.10742389712506757,
      0.12319501316796501,
      0.11766891135924173,
      0.11320841108946149,
      0.09516471086259787,
      0.09694533713351346,
      0.10652085852513302,
      0.10179626116225801,
      0.10161674833365593,
      0.10308559338152336,
      0.10170567188887925,
      0.09174866820618346,
      0.09234570671859971,
      0.09960017959781321,
      0.09801617505028266,
      0.10970364103022454,
      0.10348124163399347,
      0.09793147557034125,
      0.09120279819114849,
      0.10846726692803299,
      0.10945084874501625,
      0.10859992491223135,
      0.11481385039101803,
      0.1250161524934685,
      0.1306700007398857,
      0.11163736126450872,
      0.09884717769996511,
      0.09636137762214847,
      0.10071722828976976,
      0.09472957109423537,
      0.10199862598119681,
      0.11172940987164359,
      0.09990485505552943,
      0.09406702503630825,
      0.09871738949529711,
      0.08861736169356853,
      0.08531701115359418,
      0.1010887864443854,
      0.09814036243392771,
      0.10202258730947786,
      0.09991491363986668,
      0.09525833135540418,
      0.10426597118467489,
      0.105486803356418,
      0.09666880118181422
    ],
    "order_parameter_history": [
      0.9579402222015886,
      0.8979820767260992,
      0.8575306129002338,
      0.786224467142029,
      0.7282566883800219,
      0.6752939604568049,
      0.6290418756596204,
      0.5966630301099832,
      0.5790161694926426,
      0.5611244745850287,
      0.5320657072258274,
      0.523974407168857,
      0.49382408206776,
      0.4888071264383294,
      0.47647235358096773,
      0.45072671732497066,
      0.42677143911173754,
      0.4013921527073943,
      0.388167660725332,
      0.37821496739681576,
      0.3824392387071571,
      0.36933690438213923,
      0.3557025834678452,
      0.3473717847100923,
      0.3292177022707259,
      0.32544822410972024,
      0.32792935875660284,
      0.319082406597056,
      0.32554417933403,
      0.3280179722608148,
      0.32597561937415875,
      0.33103141355218973,
      0.3234011156558986,
      0.3273733477163039,
      0.32465439446138195,
      0.3236363426987526,
      0.32287594036491146,
      0.320010746125588,
      0.3135354936841967,
      0.30086779747518616,
      0.30190756072494873,
      0.3043512870566462,
      0.2961941752319449,
      0.2938362796357475,
      0.28911004988067995,
      0.29895018043548144,
      0.2955381871257147,
      0.29386812491026054,
      0.3014417486769855,
      0.30659756623085344
    ]
  },
  "mu_sq_1.0": {
    "mu_squared": 1.0,
    "lambda": 1.0,
    "expected_vev": 1.0,
    "initial_vev": 0.07281669436878445,
    "final_vev": 0.11932741567824874,
    "order_parameter": 0.3199190631781229,
    "m_W": 0.07756282019086168,
    "m_Z": 0.08809240893621319,
    "action_history": [
      1936.5146283793233,
      1719.7046107039787,
      1536.0294996294551,
      1472.7501172808516,
      1375.4485029801353,
      1293.0983445124014,
      1225.9611494286185,
      1164.5726948028705,
      1063.2273868204022,
      1015.7673899064072,
      979.3254443699942,
      902.663217158228,
      865.792885796296,
      853.573435466008,
      790.7915571867818,
      754.2694872297916,
      752.4643550824381,
      728.2150216122276,
      708.5356698471877,
      691.1249273475178,
      695.4409293789413,
      697.1644680704079,
      671.7157383008449,
      666.0403984414936,
      634.2412958793682,
      629.4557703024893,
      605.229842427195,
      591.734294625681,
      590.5663389309833,
      578.8154625859162,
      565.247563939181,
      558.1126455499445,
      549.5296314744536,
      530.4392876466386,
      528.0556083705349,
      529.307263733744,
      517.3773305726481,
      509.6948226330435,
      506.7376335003913,
      512.223651369868,
      504.7386907655375,
      513.3665160249006,
      511.703204648706,
      487.86998701276264,
      494.8568101401407,
      498.04563811965664,
      501.400655700407,
      509.7794256994668,
      498.7499275962467,
      502.8400522722701
    ],
    "vev_history": [
      0.07661624390252517,
      0.0848621579064643,
      0.09712470398420042,
      0.10092304531379884,
      0.09825824302123304,
      0.10125170540944843,
      0.1138758804254857,
      0.1256649604728546,
      0.11221557060158055,
      0.11519808365423878,
      0.13758849555159405,
      0.13068787951322303,
      0.12685434620974115,
      0.1329618714576217,
      0.11970211981548701,
      0.12987559188852862,
      0.1327065723420817,
      0.1327376215765237,
      0.12731689712100555,
      0.1298818350147746,
      0.1301995661629888,
      0.1315409265501215,
      0.1281543234051353,
      0.14567594288909338,
      0.14369167603930114,
      0.15876723791856034,
      0.15845133656288501,
      0.16359497275026555,
      0.15822817015731694,
      0.1581277670463428,
      0.15999931787306187,
      0.15559297258349788,
      0.16379598505760737,
      0.15171212142260643,
      0.15873031545596802,
      0.1514035012001594,
      0.1568526455205976,
      0.1464187575132075,
      0.1521959667517228,
      0.14806381156798748,
      0.1406531906002987,
      0.12475014837498062,
      0.12367748121886102,
      0.11762421585554193,
      0.1282195360692957,
      0.122522617394191,
      0.11344984764114871,
      0.11992526548806609,
      0.12475127280551984,
      0.11932741567824874
    ],