{
  "validation": {
    "total_links": 16384,
    "max_unitarity_error": 3.236914066293784e-16,
    "max_det_error": 4.449557262054371e-16,
    "valid": true
  },
  "small_lattice": {
    "shape": [
      8,
      8,
      8,
      8
    ],
    "average_plaquette": 0.935271887009096,
    "wilson_action": 1590.7581048645359
  },
  "scalar_field": {
    "lattice_size": [
      8,
      8,
      8,
      8
    ],
    "mass": 1.0,
    "E_kin": 33086.11296320965,
    "E_pot": 4112.918693581024,
    "E_tot": 37199.03165679067,
    "energy_positive": true,
    "energy_real": true,
    "mass_scaling": true
  },
  "medium_lattice": {
    "shape": [
      16,
      16,
      16,
      16
    ],
    "memory_MB": 16.777216
  }
}